{"cameraMode":{"drawMode":0,"name":"Shaded","section":"Shading Mode"},"sceneLighting":false,"audioPlay":false,"sceneViewState":{"showFog":true,"showMaterialUpdate":true,"showSkybox":false,"showFlares":true,"showImageEffects":true,"showParticleSystems":true},"in2DMode":false,"pivot":{"x":216.75999450683595,"y":121.23029327392578,"z":-249.3300018310547},"rotation":{"x":-0.03786734491586685,"y":-0.6544958353042603,"z":0.032356780022382739,"w":-0.7548868656158447},"size":4.235144138336182,"orthographic":false}