{"cameraMode":{"drawMode":0,"name":"Shaded","section":"Shading Mode"},"sceneLighting":false,"audioPlay":false,"sceneViewState":{"showFog":true,"showMaterialUpdate":true,"showSkybox":false,"showFlares":true,"showImageEffects":true,"showParticleSystems":true},"in2DMode":false,"pivot":{"x":-1.5042158365249634,"y":2.0200181007385256,"z":1.2637447118759156},"rotation":{"x":-0.3236216902732849,"y":-0.5423212051391602,"z":0.23734046518802644,"w":-0.7385934591293335},"size":8.902586936950684,"orthographic":false}