{"cameraMode":{"drawMode":0,"name":"Shaded","section":"Shading Mode"},"sceneLighting":false,"audioPlay":false,"sceneViewState":{"showFog":true,"showMaterialUpdate":true,"showSkybox":false,"showFlares":true,"showImageEffects":true,"showParticleSystems":true},"in2DMode":false,"pivot":{"x":1.2945526838302613,"y":-1.0490918159484864,"z":-15.645297050476075},"rotation":{"x":0.027484819293022157,"y":-0.9774425625801086,"z":0.1352793425321579,"w":0.1640249639749527},"size":18.6837100982666,"orthographic":false}