{"cameraMode":{"drawMode":0,"name":"Shaded","section":"Shading Mode"},"sceneLighting":true,"audioPlay":false,"sceneViewState":{"showFog":true,"showMaterialUpdate":true,"showSkybox":true,"showFlares":true,"showImageEffects":true,"showParticleSystems":true},"in2DMode":false,"pivot":{"x":179.4229278564453,"y":3.6086621284484865,"z":186.4272918701172},"rotation":{"x":0.15294122695922852,"y":0.2923167049884796,"z":-0.04743384197354317,"w":0.9428744316101074},"size":4.496078014373779,"orthographic":false}