{"cameraMode":{"drawMode":0,"name":"Shaded","section":"Shading Mode"},"sceneLighting":false,"audioPlay":false,"sceneViewState":{"showFog":true,"showMaterialUpdate":true,"showSkybox":false,"showFlares":true,"showImageEffects":true,"showParticleSystems":true},"in2DMode":false,"pivot":{"x":219.32684326171876,"y":121.53340148925781,"z":-249.3887481689453},"rotation":{"x":-0.20607483386993409,"y":-0.783068060874939,"z":0.33308738470077517,"w":-0.483821839094162},"size":3.9697837829589845,"orthographic":false}