{"cameraMode":{"drawMode":0,"name":"Shaded","section":"Shading Mode"},"sceneLighting":false,"audioPlay":false,"sceneViewState":{"showFog":true,"showMaterialUpdate":true,"showSkybox":false,"showFlares":true,"showImageEffects":true,"showParticleSystems":true},"in2DMode":false,"pivot":{"x":28.776714324951173,"y":4.57951021194458,"z":-25.022735595703126},"rotation":{"x":0.1089082881808281,"y":0.4132968783378601,"z":-0.05049261078238487,"w":0.9028408527374268},"size":4.636216640472412,"orthographic":false}