{"cameraMode":{"drawMode":0,"name":"Shaded","section":"Shading Mode"},"sceneLighting":true,"audioPlay":false,"sceneViewState":{"showFog":true,"showMaterialUpdate":true,"showSkybox":false,"showFlares":true,"showImageEffects":true,"showParticleSystems":true},"in2DMode":false,"pivot":{"x":-0.9126213788986206,"y":0.7215073704719544,"z":0.7177263498306274},"rotation":{"x":0.1581491231918335,"y":-0.3149935007095337,"z":0.05093041807413101,"w":0.9350511431694031},"size":4.002457141876221,"orthographic":false}