{"cameraMode":{"drawMode":0,"name":"Shaded","section":"Shading Mode"},"sceneLighting":true,"audioPlay":false,"sceneViewState":{"showFog":true,"showMaterialUpdate":true,"showSkybox":true,"showFlares":true,"showImageEffects":true,"showParticleSystems":true},"in2DMode":false,"pivot":{"x":197.06692504882813,"y":3.7582085132598879,"z":196.3328399658203},"rotation":{"x":0.08079458028078079,"y":-0.7988715171813965,"z":0.11180393397808075,"w":0.5863277316093445},"size":4.6703643798828129,"orthographic":false}