{"cameraMode":{"drawMode":0,"name":"Shaded","section":"Shading Mode"},"sceneLighting":true,"audioPlay":false,"sceneViewState":{"showFog":true,"showMaterialUpdate":true,"showSkybox":true,"showFlares":true,"showImageEffects":true,"showParticleSystems":true},"in2DMode":false,"pivot":{"x":176.61868286132813,"y":5.939592361450195,"z":193.36627197265626},"rotation":{"x":0.2815142571926117,"y":0.34180328249931338,"z":-0.10811350494623184,"w":0.8901337385177612},"size":4.496078014373779,"orthographic":false}