{"cameraMode":{"drawMode":0,"name":"Shaded","section":"Shading Mode"},"sceneLighting":false,"audioPlay":false,"sceneViewState":{"showFog":true,"showMaterialUpdate":true,"showSkybox":false,"showFlares":true,"showImageEffects":true,"showParticleSystems":true},"in2DMode":false,"pivot":{"x":0.0007993131875991821,"y":0.4608299732208252,"z":-0.03596073016524315},"rotation":{"x":-0.06106182932853699,"y":-0.9194539785385132,"z":0.17665693163871766,"w":-0.34794169664382937},"size":1.655997395515442,"orthographic":false}