{"cameraMode":{"drawMode":0,"name":"Shaded","section":"Shading Mode"},"sceneLighting":false,"audioPlay":false,"sceneViewState":{"showFog":true,"showMaterialUpdate":true,"showSkybox":false,"showFlares":true,"showImageEffects":true,"showParticleSystems":true},"in2DMode":false,"pivot":{"x":-2.623671770095825,"y":1.6441251039505005,"z":2.6349825859069826},"rotation":{"x":0.06073864549398422,"y":-0.7316033840179443,"z":0.058605074882507327,"w":0.6774858236312866},"size":6.386378288269043,"orthographic":false}