{"cameraMode":{"drawMode":0,"name":"Shaded","section":"Shading Mode"},"sceneLighting":true,"audioPlay":false,"sceneViewState":{"showFog":true,"showMaterialUpdate":true,"showSkybox":true,"showFlares":true,"showImageEffects":true,"showParticleSystems":true},"in2DMode":false,"pivot":{"x":179.88919067382813,"y":-7.316965103149414,"z":260.4168701171875},"rotation":{"x":-0.08483637124300003,"y":-0.6912420392036438,"z":0.08931864798069,"w":-0.7130171060562134},"size":56.875831604003909,"orthographic":false}