{"cameraMode":{"drawMode":0,"name":"Shaded","section":"Shading Mode"},"sceneLighting":false,"audioPlay":false,"sceneViewState":{"showFog":true,"showMaterialUpdate":true,"showSkybox":false,"showFlares":true,"showImageEffects":true,"showParticleSystems":true},"in2DMode":false,"pivot":{"x":211.7132110595703,"y":119.59859466552735,"z":-252.64308166503907},"rotation":{"x":0.1494351327419281,"y":-0.5510709881782532,"z":0.10189510136842728,"w":0.8150058388710022},"size":13.803207397460938,"orthographic":false}