{"cameraMode":{"drawMode":0,"name":"Shaded","section":"Shading Mode"},"sceneLighting":false,"audioPlay":false,"sceneViewState":{"showFog":true,"showMaterialUpdate":true,"showSkybox":false,"showFlares":true,"showImageEffects":true,"showParticleSystems":true},"in2DMode":false,"pivot":{"x":2.369999885559082,"y":0.0,"z":1.8499999046325684},"rotation":{"x":0.02592090703547001,"y":-0.6848859786987305,"z":0.01670541800558567,"w":0.7289769053459168},"size":28.578840255737306,"orthographic":false}