{"cameraMode":{"drawMode":0,"name":"Shaded","section":"Shading Mode"},"sceneLighting":false,"audioPlay":false,"sceneViewState":{"showFog":true,"showMaterialUpdate":true,"showSkybox":false,"showFlares":true,"showImageEffects":true,"showParticleSystems":true},"in2DMode":false,"pivot":{"x":-4.664584159851074,"y":-7.895944595336914,"z":-8.107561111450196},"rotation":{"x":-0.3236216902732849,"y":-0.5423212051391602,"z":0.23734046518802644,"w":-0.7385934591293335},"size":3.8364381790161135,"orthographic":false}