{"cameraMode":{"drawMode":0,"name":"Shaded","section":"Shading Mode"},"sceneLighting":false,"audioPlay":false,"sceneViewState":{"showFog":true,"showMaterialUpdate":true,"showSkybox":false,"showFlares":true,"showImageEffects":true,"showParticleSystems":true},"in2DMode":false,"pivot":{"x":220.43589782714845,"y":121.11951446533203,"z":-250.5303192138672},"rotation":{"x":-0.20607483386993409,"y":-0.783068060874939,"z":0.33308738470077517,"w":-0.483821839094162},"size":9.110002517700196,"orthographic":false}