{"cameraMode":{"drawMode":0,"name":"Shaded","section":"Shading Mode"},"sceneLighting":false,"audioPlay":false,"sceneViewState":{"showFog":true,"showMaterialUpdate":true,"showSkybox":false,"showFlares":true,"showImageEffects":true,"showParticleSystems":true},"in2DMode":false,"pivot":{"x":-2.7616186141967775,"y":-7.983340263366699,"z":-10.479594230651856},"rotation":{"x":-0.03786734491586685,"y":-0.6544958353042603,"z":0.032356780022382739,"w":-0.7548868656158447},"size":2.563405752182007,"orthographic":false}