{"cameraMode":{"drawMode":0,"name":"Shaded","section":"Shading Mode"},"sceneLighting":false,"audioPlay":false,"sceneViewState":{"showFog":true,"showMaterialUpdate":true,"showSkybox":false,"showFlares":true,"showImageEffects":true,"showParticleSystems":true},"in2DMode":false,"pivot":{"x":215.33294677734376,"y":121.23029327392578,"z":-249.1588134765625},"rotation":{"x":-0.03786734491586685,"y":-0.6544958353042603,"z":0.032356780022382739,"w":-0.7548868656158447},"size":3.9541923999786379,"orthographic":false}