{"cameraMode":{"drawMode":0,"name":"Shaded","section":"Shading Mode"},"sceneLighting":false,"audioPlay":false,"sceneViewState":{"showFog":true,"showMaterialUpdate":true,"showSkybox":false,"showFlares":true,"showImageEffects":true,"showParticleSystems":true},"in2DMode":false,"pivot":{"x":-2.6679277420043947,"y":-7.821091651916504,"z":-9.83499526977539},"rotation":{"x":-0.03786734491586685,"y":-0.6544958353042603,"z":0.032356780022382739,"w":-0.7548868656158447},"size":2.476926565170288,"orthographic":false}