{"cameraMode":{"drawMode":0,"name":"Shaded","section":"Shading Mode"},"sceneLighting":false,"audioPlay":false,"sceneViewState":{"showFog":true,"showMaterialUpdate":true,"showSkybox":false,"showFlares":true,"showImageEffects":true,"showParticleSystems":true},"in2DMode":false,"pivot":{"x":220.34640502929688,"y":121.05926513671875,"z":-249.2812042236328},"rotation":{"x":-0.20607483386993409,"y":-0.783068060874939,"z":0.33308738470077517,"w":-0.483821839094162},"size":3.2363245487213136,"orthographic":false}