{"cameraMode":{"drawMode":0,"name":"Shaded","section":"Shading Mode"},"sceneLighting":false,"audioPlay":false,"sceneViewState":{"showFog":true,"showMaterialUpdate":true,"showSkybox":false,"showFlares":true,"showImageEffects":true,"showParticleSystems":true},"in2DMode":false,"pivot":{"x":-0.062084197998046878,"y":1.8304921388626099,"z":0.06797491014003754},"rotation":{"x":-0.2385425716638565,"y":-0.7293565273284912,"z":0.3089201748371124,"w":-0.5624935626983643},"size":10.210012435913086,"orthographic":false}