{"cameraMode":{"drawMode":0,"name":"Shaded","section":"Shading Mode"},"sceneLighting":false,"audioPlay":false,"sceneViewState":{"showFog":true,"showMaterialUpdate":true,"showSkybox":false,"showFlares":true,"showImageEffects":true,"showParticleSystems":true},"in2DMode":false,"pivot":{"x":32.125362396240237,"y":3.7111473083496095,"z":-24.559917449951173},"rotation":{"x":-0.26307427883148196,"y":-0.345403254032135,"z":0.10036313533782959,"w":-0.8956628441810608},"size":4.670348167419434,"orthographic":false}