{"cameraMode":{"drawMode":0,"name":"Shaded","section":"Shading Mode"},"sceneLighting":false,"audioPlay":false,"sceneViewState":{"showFog":true,"showMaterialUpdate":true,"showSkybox":false,"showFlares":true,"showImageEffects":true,"showParticleSystems":true},"in2DMode":false,"pivot":{"x":-0.02486419677734375,"y":1.3309047222137452,"z":0.022339534014463426},"rotation":{"x":-0.2385425716638565,"y":-0.7293565273284912,"z":0.3089201748371124,"w":-0.5624935626983643},"size":6.935469627380371,"orthographic":false}