{"cameraMode":{"drawMode":0,"name":"Shaded","section":"Shading Mode"},"sceneLighting":false,"audioPlay":false,"sceneViewState":{"showFog":true,"showMaterialUpdate":true,"showSkybox":false,"showFlares":true,"showImageEffects":true,"showParticleSystems":true},"in2DMode":false,"pivot":{"x":213.7449951171875,"y":121.21028900146485,"z":-249.3300018310547},"rotation":{"x":-0.03786734491586685,"y":-0.6544958353042603,"z":0.032356780022382739,"w":-0.7548868656158447},"size":4.025798797607422,"orthographic":false}