{"cameraMode":{"drawMode":0,"name":"Shaded","section":"Shading Mode"},"sceneLighting":true,"audioPlay":false,"sceneViewState":{"showFog":true,"showMaterialUpdate":true,"showSkybox":true,"showFlares":true,"showImageEffects":true,"showParticleSystems":true},"in2DMode":false,"pivot":{"x":13.665766716003418,"y":1.6577072143554688,"z":-2.9558820724487306},"rotation":{"x":0.010325485840439797,"y":0.9532397985458374,"z":-0.3005324900150299,"w":0.03287447988986969},"size":4.232999801635742,"orthographic":false}