{"cameraMode":{"drawMode":0,"name":"Shaded","section":"Shading Mode"},"sceneLighting":false,"audioPlay":false,"sceneViewState":{"showFog":true,"showMaterialUpdate":true,"showSkybox":false,"showFlares":true,"showImageEffects":true,"showParticleSystems":true},"in2DMode":false,"pivot":{"x":-7.694525241851807,"y":0.8847355246543884,"z":2.9718618392944338},"rotation":{"x":0.10406874865293503,"y":-0.7273046374320984,"z":0.10584387183189392,"w":0.6710808277130127},"size":6.478460311889648,"orthographic":false}