{"cameraMode":{"drawMode":0,"name":"Shaded","section":"Shading Mode"},"sceneLighting":true,"audioPlay":false,"sceneViewState":{"showFog":true,"showMaterialUpdate":true,"showSkybox":true,"showFlares":true,"showImageEffects":true,"showParticleSystems":true},"in2DMode":false,"pivot":{"x":14.111248016357422,"y":1.3451552391052247,"z":-3.0489091873168947},"rotation":{"x":0.06975778937339783,"y":0.48431581258773806,"z":-0.038713399320840839,"w":0.8720013499259949},"size":12.26074504852295,"orthographic":false}