{"cameraMode":{"drawMode":0,"name":"Shaded","section":"Shading Mode"},"sceneLighting":false,"audioPlay":false,"sceneViewState":{"showFog":true,"showMaterialUpdate":true,"showSkybox":false,"showFlares":true,"showImageEffects":true,"showParticleSystems":true},"in2DMode":false,"pivot":{"x":-0.4541435241699219,"y":1.046994686126709,"z":-2.8593838214874269},"rotation":{"x":0.06528495252132416,"y":-0.8818019032478333,"z":0.11654499173164368,"w":0.4538007378578186},"size":23.186548233032228,"orthographic":false}