{"cameraMode":{"drawMode":0,"name":"Shaded","section":"Shading Mode"},"sceneLighting":false,"audioPlay":false,"sceneViewState":{"showFog":true,"showMaterialUpdate":true,"showSkybox":false,"showFlares":true,"showImageEffects":true,"showParticleSystems":true},"in2DMode":false,"pivot":{"x":30.89668083190918,"y":4.702262878417969,"z":-25.997859954833986},"rotation":{"x":-0.26307427883148196,"y":-0.345403254032135,"z":0.10036313533782959,"w":-0.8956628441810608},"size":5.8682355880737309,"orthographic":false}