{"cameraMode":{"drawMode":0,"name":"Shaded","section":"Shading Mode"},"sceneLighting":false,"audioPlay":false,"sceneViewState":{"showFog":true,"showMaterialUpdate":true,"showSkybox":false,"showFlares":true,"showImageEffects":true,"showParticleSystems":true},"in2DMode":false,"pivot":{"x":222.6804962158203,"y":120.85560607910156,"z":-248.89639282226563},"rotation":{"x":-0.02672627568244934,"y":-0.22044962644577027,"z":0.005660634022206068,"w":-0.9753748178482056},"size":2.538384199142456,"orthographic":false}