{"cameraMode":{"drawMode":0,"name":"Shaded","section":"Shading Mode"},"sceneLighting":true,"audioPlay":false,"sceneViewState":{"showFog":true,"showMaterialUpdate":true,"showSkybox":true,"showFlares":true,"showImageEffects":true,"showParticleSystems":true},"in2DMode":false,"pivot":{"x":255.70147705078126,"y":19.256135940551759,"z":219.13055419921876},"rotation":{"x":0.23640789091587068,"y":-0.4097202718257904,"z":0.11148428171873093,"w":0.8745425939559937},"size":4.6703643798828129,"orthographic":false}