{"cameraMode":{"drawMode":0,"name":"Shaded","section":"Shading Mode"},"sceneLighting":false,"audioPlay":false,"sceneViewState":{"showFog":true,"showMaterialUpdate":true,"showSkybox":false,"showFlares":true,"showImageEffects":true,"showParticleSystems":true},"in2DMode":false,"pivot":{"x":218.07000732421876,"y":121.54344177246094,"z":-249.18707275390626},"rotation":{"x":-0.20607483386993409,"y":-0.783068060874939,"z":0.33308738470077517,"w":-0.483821839094162},"size":4.104562282562256,"orthographic":false}