{"cameraMode":{"drawMode":0,"name":"Shaded","section":"Shading Mode"},"sceneLighting":true,"audioPlay":false,"sceneViewState":{"showFog":true,"showMaterialUpdate":true,"showSkybox":false,"showFlares":true,"showImageEffects":true,"showParticleSystems":true},"in2DMode":false,"pivot":{"x":-108.3726806640625,"y":-34.8760986328125,"z":2343.550537109375},"rotation":{"x":0.13822242617607118,"y":-0.2520959675312042,"z":0.034325070679187778,"w":0.9577600359916687},"size":3705.885498046875,"orthographic":false}