{"cameraMode":{"drawMode":0,"name":"Shaded","section":"Shading Mode"},"sceneLighting":false,"audioPlay":false,"sceneViewState":{"showFog":true,"showMaterialUpdate":true,"showSkybox":false,"showFlares":true,"showImageEffects":true,"showParticleSystems":true},"in2DMode":false,"pivot":{"x":-0.03664994239807129,"y":0.1261500120162964,"z":0.15945002436637879},"rotation":{"x":-0.008081290870904923,"y":-0.9879977703094482,"z":0.09448298066854477,"w":-0.1277901977300644},"size":6.712713241577148,"orthographic":false}