{"cameraMode":{"drawMode":0,"name":"Shaded","section":"Shading Mode"},"sceneLighting":false,"audioPlay":false,"sceneViewState":{"showFog":true,"showMaterialUpdate":true,"showSkybox":false,"showFlares":true,"showImageEffects":true,"showParticleSystems":true},"in2DMode":false,"pivot":{"x":2.0168771743774416,"y":-1.741029143333435,"z":0.09920650720596314},"rotation":{"x":-0.2385425716638565,"y":-0.7293565273284912,"z":0.3089201748371124,"w":-0.5624935626983643},"size":8.569870948791504,"orthographic":false}