{"cameraMode":{"drawMode":0,"name":"Shaded","section":"Shading Mode"},"sceneLighting":false,"audioPlay":false,"sceneViewState":{"showFog":true,"showMaterialUpdate":true,"showSkybox":false,"showFlares":true,"showImageEffects":true,"showParticleSystems":true},"in2DMode":false,"pivot":{"x":221.88429260253907,"y":120.8865737915039,"z":-248.54318237304688},"rotation":{"x":-0.02672627568244934,"y":-0.22044962644577027,"z":0.005660634022206068,"w":-0.9753748178482056},"size":3.1383841037750246,"orthographic":false}