{"cameraMode":{"drawMode":0,"name":"Shaded","section":"Shading Mode"},"sceneLighting":false,"audioPlay":false,"sceneViewState":{"showFog":true,"showMaterialUpdate":true,"showSkybox":false,"showFlares":true,"showImageEffects":true,"showParticleSystems":true},"in2DMode":false,"pivot":{"x":0.015658855438232423,"y":1.0469945669174195,"z":-0.05688505992293358},"rotation":{"x":0.06528495252132416,"y":-0.8818019032478333,"z":0.11654499173164368,"w":0.4538007378578186},"size":5.837606430053711,"orthographic":false}