{"cameraMode":{"drawMode":0,"name":"Shaded","section":"Shading Mode"},"sceneLighting":true,"audioPlay":false,"sceneViewState":{"showFog":true,"showMaterialUpdate":true,"showSkybox":true,"showFlares":true,"showImageEffects":true,"showParticleSystems":true},"in2DMode":false,"pivot":{"x":193.431884765625,"y":101.0990219116211,"z":388.878173828125},"rotation":{"x":0.10155214369297028,"y":-0.9019418358802795,"z":0.32908734679222109,"w":0.26322394609451296},"size":3.0038347244262697,"orthographic":false}