{"cameraMode":{"drawMode":0,"name":"Shaded","section":"Shading Mode"},"sceneLighting":false,"audioPlay":false,"sceneViewState":{"showFog":true,"showMaterialUpdate":true,"showSkybox":false,"showFlares":true,"showImageEffects":true,"showParticleSystems":true},"in2DMode":false,"pivot":{"x":225.3530731201172,"y":121.95206451416016,"z":-263.1000061035156},"rotation":{"x":-0.02672627568244934,"y":-0.22044962644577027,"z":0.005660634022206068,"w":-0.9753748178482056},"size":11.151856422424317,"orthographic":false}