{"cameraMode":{"drawMode":0,"name":"Shaded","section":"Shading Mode"},"sceneLighting":false,"audioPlay":false,"sceneViewState":{"showFog":true,"showMaterialUpdate":true,"showSkybox":false,"showFlares":true,"showImageEffects":true,"showParticleSystems":true},"in2DMode":false,"pivot":{"x":0.12463569641113281,"y":1.0959832668304444,"z":0.20358899235725404},"rotation":{"x":-0.2385425716638565,"y":-0.7293565273284912,"z":0.3089201748371124,"w":-0.5624935626983643},"size":11.098183631896973,"orthographic":false}