{"cameraMode":{"drawMode":0,"name":"Shaded","section":"Shading Mode"},"sceneLighting":true,"audioPlay":false,"sceneViewState":{"showFog":true,"showMaterialUpdate":true,"showSkybox":true,"showFlares":true,"showImageEffects":true,"showParticleSystems":true},"in2DMode":false,"pivot":{"x":233.4965057373047,"y":-43.94667053222656,"z":232.65504455566407},"rotation":{"x":0.22677727043628694,"y":0.5299367308616638,"z":-0.1491769254207611,"w":0.8037852644920349},"size":107.95894622802735,"orthographic":false}