{"cameraMode":{"drawMode":0,"name":"Shaded","section":"Shading Mode"},"sceneLighting":false,"audioPlay":false,"sceneViewState":{"showFog":true,"showMaterialUpdate":true,"showSkybox":false,"showFlares":true,"showImageEffects":true,"showParticleSystems":true},"in2DMode":false,"pivot":{"x":-7.550457954406738,"y":0.7441310882568359,"z":3.9431240558624269},"rotation":{"x":0.08719150722026825,"y":-0.7115727066993713,"z":0.08273043483495712,"w":0.6932334303855896},"size":8.09617805480957,"orthographic":false}