{"cameraMode":{"drawMode":0,"name":"Shaded","section":"Shading Mode"},"sceneLighting":true,"audioPlay":false,"sceneViewState":{"showFog":true,"showMaterialUpdate":true,"showSkybox":true,"showFlares":true,"showImageEffects":true,"showParticleSystems":true},"in2DMode":false,"pivot":{"x":397.36236572265627,"y":-26.00408935546875,"z":321.21575927734377},"rotation":{"x":0.2673256993293762,"y":-0.325851708650589,"z":0.09728304296731949,"w":0.9021677374839783},"size":1106.8060302734375,"orthographic":false}