{"cameraMode":{"drawMode":0,"name":"Shaded","section":"Shading Mode"},"sceneLighting":false,"audioPlay":false,"sceneViewState":{"showFog":true,"showMaterialUpdate":true,"showSkybox":false,"showFlares":true,"showImageEffects":true,"showParticleSystems":true},"in2DMode":false,"pivot":{"x":211.1899871826172,"y":121.07783508300781,"z":-248.1688995361328},"rotation":{"x":-0.20607483386993409,"y":-0.783068060874939,"z":0.33308738470077517,"w":-0.483821839094162},"size":2.646202802658081,"orthographic":false}