{"cameraMode":{"drawMode":0,"name":"Shaded","section":"Shading Mode"},"sceneLighting":false,"audioPlay":false,"sceneViewState":{"showFog":true,"showMaterialUpdate":true,"showSkybox":false,"showFlares":true,"showImageEffects":true,"showParticleSystems":true},"in2DMode":false,"pivot":{"x":36.21635818481445,"y":4.746688365936279,"z":-24.66864585876465},"rotation":{"x":-0.0256924070417881,"y":0.42928019165992739,"z":-0.01307523064315319,"w":-0.9031441807746887},"size":6.747201919555664,"orthographic":false}