{"cameraMode":{"drawMode":0,"name":"Shaded","section":"Shading Mode"},"sceneLighting":true,"audioPlay":false,"sceneViewState":{"showFog":true,"showMaterialUpdate":true,"showSkybox":true,"showFlares":true,"showImageEffects":true,"showParticleSystems":true},"in2DMode":false,"pivot":{"x":-5.578643321990967,"y":-5.536167621612549,"z":74.93618774414063},"rotation":{"x":-0.17863832414150239,"y":0.34520256519317629,"z":-0.06822970509529114,"w":-0.9193885922431946},"size":22.0,"orthographic":false}